"Reference","Qty","Value","DNP","Exclude from BOM","Exclude from Board","Footprint","Datasheet"
"C1,C2,C10,C11,C16,C17,C18,C19,C20,C22,C24,C30,C31,C33,C52,C53,C54,C56,C60","19","0.1uF","","","","Capacitor_SMD:C_0402_1005Metric","~"
"C3,C5,C8,C21,C42","5","100nF","","","","Capacitor_SMD:C_0603_1608Metric","~"
"C4,C6,C13,C34,C39,C50","6","10uF","","","","Capacitor_SMD:C_0603_1608Metric","~"
"C7,C15,C51","3","1uF","","","","Capacitor_SMD:C_0402_1005Metric","~"
"C9,C29","2","10nF","","","","Capacitor_SMD:C_0603_1608Metric","~"
"C12,C14","2","18pF","","","","Capacitor_SMD:C_0402_1005Metric","~"
"C23","1","10nF","","","","Capacitor_SMD:C_0402_1005Metric","~"
"C25,C26,C32","3","1uF","","","","Capacitor_SMD:C_0603_1608Metric","~"
"C27,C28","2","100nF","","","","Capacitor_SMD:C_0402_1005Metric","~"
"C35","1","33pF","","","","Capacitor_SMD:C_0402_1005Metric","~"
"C36","1","22uF","","","","Capacitor_SMD:C_0603_1608Metric","~"
"C38","1","100n","","","","Capacitor_SMD:C_0402_1005Metric","~"
"C40,C41","2","12pF","","","","Capacitor_SMD:C_0402_1005Metric","~"
"C43,C44","2","22u","","","","Capacitor_SMD:C_0603_1608Metric","~"
"C55","1","4.7uF","","","","Capacitor_SMD:C_0603_1608Metric","~"
"C57,C58,C61,C62","4","1.5pF","","","","Capacitor_SMD:C_0402_1005Metric","~"
"C59,C63","2","1uF","DNP","","","Capacitor_SMD:C_0603_1608Metric","~"
"CH334F1","1","~","","","","USB_HUB:QFN24_4MM",""
"D1,D2,D4,D5,D7,D8,D12,D14,D17,D18,D19,D20,D21","13","ESD3.3","","","","Diode_SMD:SODFL1006X40N","https://www.onsemi.com/pub/Collateral/ESD9B-D.PDF"
"D3","1","Power","","","","LED_SMD:LED_0805_2012Metric","~"
"D6","1","UART1_ON","","","","LED_SMD:LED_0805_2012Metric","~"
"D9","1","USB1","","","","LED_SMD:LED_0805_2012Metric","~"
"D10","1","USB2","","","","LED_SMD:LED_0805_2012Metric","~"
"D11","1","PMEG4020EP","","","","Diode_SMD:D_SOD-123F","http://www.vishay.com/docs/88946/b120.pdf"
"D13","1","ESD5","","","","Diode_SMD:SODFL1006X40N","https://www.onsemi.com/pub/Collateral/ESD9B-D.PDF"
"F2","1","Polyfuse 2A","","","","Fuse:Fuse_1206_3216Metric","~"
"FB2","1","BLM21PG220","","","","Inductor_SMD:L_0805_2012Metric","~"
"J1","1","Conn_Coaxial","","","","","~"
"J2,J4","2","Conn_Coaxial","","","","Connector_Coaxial:SMA_Amphenol_132289_EdgeMount","~"
"J3","1","USB_C_Receptacle_USB2.0_16P","","","","Connector_USB:USB_C_Receptacle_HCTL_HC-TYPE-C-16P-01A","https://www.usb.org/sites/default/files/documents/usb_type-c.zip"
"L1","1","27nH","","","","Inductor_SMD:L_0402_1005Metric","~"
"L2,L3,L5","3","2nH","","","","Inductor_SMD:L_0402_1005Metric","~"
"L4","1","4.7uH","","","","Inductor_SMD:L_Coilcraft_XAL4030-XXX","~"
"L6,L7","2","2nH","DNP","","","Inductor_SMD:L_0402_1005Metric","~"
"R1,R2,R6,R7,R9,R10,R12,R20,R23,R27,R31,R32,R33,R34,R35","15","10k","","","","Resistor_SMD:R_0402_1005Metric","~"
"R3,R4,R36,R37,R38,R39,R40,R41,R42","9","100 Ohms","","","","Resistor_SMD:R_0402_1005Metric","~"
"R5","1","1k","","","","Resistor_SMD:R_0402_1005Metric","~"
"R8","1","10Ohm","","","","Resistor_SMD:R_0805_2012Metric","~"
"R11","1","0 Ohms","","","","Resistor_SMD:R_0402_1005Metric","~"
"R13","1","1K","","","","Resistor_SMD:R_0402_1005Metric","~"
"R14,R24,R25","3","470 Ohm","","","","Resistor_SMD:R_0402_1005Metric","~"
"R15,R16,R17,R18,R19","5","0kOhm","","","","Resistor_SMD:R_0402_1005Metric","~"
"R21,R22","2","2.2K","","","","Resistor_SMD:R_0402_1005Metric","~"
"R26","1","10k","DNP","","","Resistor_SMD:R_0402_1005Metric","~"
"R28,R29","2","5.1k","","","","Resistor_SMD:R_0402_1005Metric","~"
"R30","1","0 Ohm","","","","Resistor_SMD:R_0402_1005Metric","~"
"SW1","1","BOOT","","","","Button_Switch_SMD:SW_CS1213AGF260_CRS","~"
"SW2,SW3","2","Reset","","","","Button_Switch_SMD:SW_CS1213AGF260_CRS","~"
"SW4","1","Boot","","","","Button_Switch_SMD:SW_CS1213AGF260_CRS","~"
"U1","1","MIC1","","","","Mic:INMP441",""
"U2","1","MIC3","","","","Mic:INMP441",""
"U3","1","SX1262","","","","LORA:SX1262-B",""
"U4","1","MAX-M10S","","","","RF_GPS:ublox_MAX","https://content.u-blox.com/sites/default/files/MAX-M10S_DataSheet_UBX-20035208.pdf"
"U5,U15","2","MIC2","","","","Mic:INMP441",""
"U6,U16","2","MIC4","","","","Mic:INMP441",""
"U7","1","W25Q128JVS","","","","Package_SO:SOIC-8_5.3x5.3mm_P1.27mm","https://www.winbond.com/resource-files/w25q128jv_dtr%20revc%2003272018%20plus.pdf"
"U8","1","ESP32-S3","","","","Package_DFN_QFN:QFN-56-1EP_7x7mm_P0.4mm_EP4x4mm","https://www.espressif.com/sites/default/files/documentation/esp32-s3_datasheet_en.pdf"
"U9","1","Sipeed-M1","","","","Module:Sipeed-M1","https://dl.sipeed.com/MAIX/HDK/Sipeed-M1&M1W/Specifications"
"U10","1","MPU-9250","","","","Sensor_Motion:InvenSense_QFN-24_3x3mm_P0.4mm","https://invensense.tdk.com/wp-content/uploads/2015/02/PS-MPU-9250A-01-v1.1.pdf"
"U11","1","CP2102N-Axx-xQFN28","","","","Package_DFN_QFN:QFN-28-1EP_5x5mm_P0.5mm_EP3.35x3.35mm","https://www.silabs.com/documents/public/data-sheets/cp2102n-datasheet.pdf"
"U13","1","USBLC6-4SC6","","","","Package_TO_SOT_SMD:SOT-23-6","https://www.st.com/resource/en/datasheet/usblc6-4.pdf"
"U14","1","AP63203WU","","","","Package_TO_SOT_SMD:TSOT-23-6","https://www.diodes.com/assets/Datasheets/AP63200-AP63201-AP63203-AP63205.pdf"
"Y1","1","40MHz","","","","Crystal:Crystal_SMD_3225-4Pin_3.2x2.5mm","~"
"Y2","1","12MHz","","","","Crystal:Crystal_SMD_3225-4Pin_3.2x2.5mm","~"
